{
  "kmeans__profile": {
    "0": {
      "size": 116,
      "mean_age": 44.37068965517241,
      "top_gender": "F",
      "pct_top_gender": 1.0
    },
    "1": {
      "size": 87,
      "mean_age": 47.97701149425287,
      "top_gender": "M",
      "pct_top_gender": 1.0
    },
    "2": {
      "size": 95,
      "mean_age": 38.93684210526316,
      "top_gender": "M",
      "pct_top_gender": 0.6526315789473685
    },
    "3": {
      "size": 91,
      "mean_age": 37.16483516483517,
      "top_gender": "F",
      "pct_top_gender": 0.8351648351648352
    },
    "4": {
      "size": 53,
      "mean_age": 19.49056603773585,
      "top_gender": "F",
      "pct_top_gender": 0.5849056603773585
    },
    "5": {
      "size": 58,
      "mean_age": 56.93103448275862,
      "top_gender": "M",
      "pct_top_gender": 0.5517241379310345
    }
  },
  "kmeans": {
    "n_clusters": 6,
    "silhouette": 0.0447582179546199,
    "davies_bouldin": 5.2135318264585075,
    "calinski_harabasz": 7.799464804279317,
    "gender_nmi": 0.2695367062271497,
    "gender_ari": 0.19513176720127978,
    "gender_purity": 0.808,
    "age_nmi": 0.14786620238172227,
    "age_ari": 0.0864832732570996,
    "age_purity": 0.602
  },
  "agglomerative__profile": {
    "0": {
      "size": 340,
      "mean_age": 42.305882352941175,
      "top_gender": "M",
      "pct_top_gender": 0.6176470588235294
    },
    "1": {
      "size": 160,
      "mean_age": 39.70625,
      "top_gender": "F",
      "pct_top_gender": 0.95
    }
  },
  "agglomerative": {
    "n_clusters": 2,
    "silhouette": 0.0326961582624479,
    "davies_bouldin": 6.698121815585802,
    "calinski_harabasz": 9.600597624019816,
    "gender_nmi": 0.25776583610441106,
    "gender_ari": 0.19762361563602213,
    "gender_purity": 0.724,
    "age_nmi": 0.007909364330666132,
    "age_ari": -0.003977387701169434,
    "age_purity": 0.43
  },
  "hdbscan__profile": {
    "-1": {
      "size": 500,
      "mean_age": 41.474,
      "top_gender": "F",
      "pct_top_gender": 0.564
    }
  },
  "hdbscan": {
    "n_clusters": 0,
    "silhouette": null,
    "davies_bouldin": null,
    "calinski_harabasz": null,
    "gender_nmi": 0.0,
    "gender_ari": 0.0,
    "gender_purity": 0.564,
    "age_nmi": 0.0,
    "age_ari": 0.0,
    "age_purity": 0.418
  }
}