{
  "kmeans__profile": {
    "0": {
      "size": 195,
      "mean_age": 42.58461538461538,
      "top_gender": "F",
      "pct_top_gender": 0.9743589743589743
    },
    "1": {
      "size": 206,
      "mean_age": 47.46601941747573,
      "top_gender": "M",
      "pct_top_gender": 0.8640776699029126
    },
    "2": {
      "size": 99,
      "mean_age": 26.818181818181817,
      "top_gender": "F",
      "pct_top_gender": 0.6464646464646465
    }
  },
  "kmeans": {
    "n_clusters": 3,
    "silhouette": 0.04370327645768691,
    "davies_bouldin": 5.662603444460056,
    "calinski_harabasz": 10.508540368607443,
    "gender_nmi": 0.39816702011745725,
    "gender_ari": 0.44527243100964475,
    "gender_purity": 0.864,
    "age_nmi": 0.10015484455206132,
    "age_ari": 0.07337827237131418,
    "age_purity": 0.546
  },
  "agglomerative__profile": {
    "0": {
      "size": 97,
      "mean_age": 45.50515463917526,
      "top_gender": "M",
      "pct_top_gender": 0.9072164948453608
    },
    "1": {
      "size": 33,
      "mean_age": 48.121212121212125,
      "top_gender": "F",
      "pct_top_gender": 1.0
    },
    "2": {
      "size": 43,
      "mean_age": 17.046511627906977,
      "top_gender": "F",
      "pct_top_gender": 0.5116279069767442
    },
    "3": {
      "size": 36,
      "mean_age": 53.19444444444444,
      "top_gender": "M",
      "pct_top_gender": 1.0
    },
    "4": {
      "size": 37,
      "mean_age": 32.567567567567565,
      "top_gender": "F",
      "pct_top_gender": 0.8918918918918919
    },
    "5": {
      "size": 65,
      "mean_age": 37.84615384615385,
      "top_gender": "F",
      "pct_top_gender": 1.0
    },
    "6": {
      "size": 32,
      "mean_age": 43.8125,
      "top_gender": "M",
      "pct_top_gender": 1.0
    },
    "7": {
      "size": 41,
      "mean_age": 42.853658536585364,
      "top_gender": "M",
      "pct_top_gender": 0.5609756097560976
    },
    "8": {
      "size": 20,
      "mean_age": 34.25,
      "top_gender": "F",
      "pct_top_gender": 0.7
    },
    "9": {
      "size": 42,
      "mean_age": 38.57142857142857,
      "top_gender": "F",
      "pct_top_gender": 0.9523809523809523
    },
    "10": {
      "size": 26,
      "mean_age": 61.34615384615385,
      "top_gender": "F",
      "pct_top_gender": 0.8846153846153846
    },
    "11": {
      "size": 28,
      "mean_age": 48.67857142857143,
      "top_gender": "F",
      "pct_top_gender": 0.8928571428571429
    }
  },
  "agglomerative": {
    "n_clusters": 12,
    "silhouette": 0.029931787671889826,
    "davies_bouldin": 4.860238736214977,
    "calinski_harabasz": 4.9557665222612854,
    "gender_nmi": 0.26394649371491086,
    "gender_ari": 0.12895752473867347,
    "gender_purity": 0.868,
    "age_nmi": 0.13440350012008326,
    "age_ari": 0.05332122685445065,
    "age_purity": 0.612
  },
  "hdbscan__profile": {
    "-1": {
      "size": 500,
      "mean_age": 41.474,
      "top_gender": "F",
      "pct_top_gender": 0.564
    }
  },
  "hdbscan": {
    "n_clusters": 0,
    "silhouette": null,
    "davies_bouldin": null,
    "calinski_harabasz": null,
    "gender_nmi": 0.0,
    "gender_ari": 0.0,
    "gender_purity": 0.564,
    "age_nmi": 0.0,
    "age_ari": 0.0,
    "age_purity": 0.418
  }
}