{
  "kmeans": {
    "n_clusters": 3,
    "silhouette": 0.1946793592153095,
    "davies_bouldin": 2.667836021374022,
    "calinski_harabasz": 46.28189518148373
  },
  "agglomerative": {
    "n_clusters": 3,
    "silhouette": 0.16182402683814504,
    "davies_bouldin": 2.8303159605543478,
    "calinski_harabasz": 40.43080670542864
  },
  "hdbscan": {
    "n_clusters": 2,
    "silhouette": 0.308024224337851,
    "davies_bouldin": 1.8486661747344886,
    "calinski_harabasz": 40.02049185313894
  }
}